step,type,loss,cumulative_time_ms,step_avg_ms
0,val,10.8258,0,0.02
1,train,,326,325.73
2,train,,589,294.29
3,train,,806,268.61
4,train,,1027,256.81
5,train,,1267,253.35
6,train,,1501,250.25
7,train,,1735,247.91
8,train,,1957,244.66
9,train,,2177,241.85
10,train,,2400,240.03
11,train,,2616,237.84
12,train,,2860,238.32
13,train,,3115,239.58
14,train,,3329,237.77
15,train,,3564,237.62
16,train,,3814,238.36
17,train,,4037,237.46
18,train,,4274,237.43
19,train,,4547,239.32
20,train,,4777,238.83
21,train,,5008,238.45
22,train,,5230,237.72
23,train,,5453,237.08
24,train,,5692,237.15
25,train,,5915,236.60
26,train,,6138,236.09
27,train,,6368,235.86
28,train,,6588,235.28
29,train,,6802,234.55
30,train,,7038,234.61
31,train,,7272,234.59
32,train,,7538,235.57
33,train,,7797,236.26
34,train,,8047,236.67
35,train,,8288,236.80
36,train,,8511,236.40
37,train,,8726,235.84
38,train,,8953,235.62
39,train,,9255,237.30
40,train,,9519,237.99
41,train,,9740,237.57
42,train,,9979,237.60
43,train,,10211,237.46
44,train,,10433,237.11
45,train,,10659,236.87
46,train,,10875,236.41
47,train,,11102,236.21
48,train,,11328,236.00
49,train,,11548,235.66
50,train,,11778,235.57
51,train,,12053,236.33
52,train,,12367,237.82
53,train,,12595,237.64
54,train,,12885,238.62
55,train,,13215,240.28
56,train,,13442,240.03
57,train,,13665,239.73
58,train,,13935,240.26
59,train,,14156,239.94
60,train,,14437,240.62
61,train,,14732,241.51
62,train,,14977,241.57
63,train,,15225,241.67
64,train,,15453,241.45
65,train,,15670,241.08
66,train,,15889,240.73
67,train,,16127,240.70
68,train,,16346,240.39
69,train,,16598,240.55
70,train,,16821,240.30
71,train,,17083,240.60
72,train,,17318,240.53
73,train,,17554,240.47
74,train,,17815,240.74
75,train,,18034,240.46
76,train,,18282,240.56
77,train,,18522,240.55
78,train,,18765,240.58
79,train,,18991,240.39
80,train,,19214,240.18
81,train,,19446,240.07
82,train,,19665,239.81
83,train,,19885,239.58
84,train,,20109,239.39
85,train,,20329,239.17
86,train,,20562,239.09
87,train,,20785,238.90
88,train,,21037,239.06
89,train,,21302,239.35
90,train,,21543,239.37
91,train,,21785,239.39
92,train,,22022,239.37
93,train,,22258,239.33
94,train,,22475,239.10
95,train,,22702,238.97
96,train,,22920,238.75
97,train,,23150,238.66
98,train,,23370,238.47
99,train,,23634,238.72
100,train,,23859,238.59
100,val,6.0702,23859,238.59
101,train,,24095,238.56
102,train,,24316,238.39
103,train,,24567,238.52
104,train,,24793,238.40
105,train,,25098,239.02
106,train,,25342,239.08
107,train,,25590,239.16
108,train,,25858,239.43
109,train,,26188,240.26
110,train,,26424,240.22
111,train,,26668,240.25
112,train,,26923,240.38
113,train,,27158,240.33
114,train,,27385,240.22
115,train,,27606,240.05
116,train,,27841,240.01
117,train,,28166,240.74
118,train,,28446,241.07
119,train,,28667,240.90
120,train,,28906,240.88
121,train,,29129,240.73
122,train,,29361,240.66
123,train,,29583,240.51
124,train,,29814,240.44
125,train,,30062,240.49
126,train,,30295,240.44
127,train,,30528,240.38
128,train,,30747,240.21
129,train,,30975,240.12
130,train,,31206,240.05
131,train,,31436,239.97
132,train,,31673,239.95
133,train,,31921,240.01
134,train,,32171,240.08
135,train,,32397,239.98
136,train,,32640,240.00
137,train,,32872,239.94
138,train,,33173,240.39
139,train,,33503,241.03
140,train,,33833,241.67
141,train,,34155,242.23
142,train,,34383,242.14
143,train,,34652,242.32
144,train,,34892,242.30
145,train,,35132,242.29
146,train,,35373,242.28
147,train,,35640,242.45
148,train,,35899,242.56
149,train,,36114,242.38
150,train,,36358,242.38
151,train,,36585,242.29
152,train,,36855,242.47
153,train,,37082,242.37
154,train,,37334,242.43
155,train,,37614,242.67
156,train,,37850,242.63
157,train,,38072,242.49
158,train,,38303,242.42
159,train,,38571,242.58
160,train,,38891,243.07
161,train,,39116,242.95
162,train,,39341,242.84
163,train,,39565,242.73
164,train,,39785,242.59
165,train,,40006,242.46
166,train,,40265,242.56
167,train,,40510,242.58
168,train,,40747,242.54
169,train,,40971,242.43
170,train,,41202,242.37
171,train,,41431,242.29
172,train,,41670,242.27
173,train,,41918,242.30
174,train,,42141,242.19
175,train,,42368,242.10
176,train,,42613,242.12
177,train,,42852,242.10
178,train,,43107,242.17
179,train,,43336,242.10
180,train,,43599,242.22
181,train,,43834,242.18
182,train,,44060,242.09
183,train,,44295,242.05
184,train,,44509,241.90
185,train,,44759,241.94
186,train,,45040,242.15
187,train,,45371,242.63
188,train,,45702,243.10
189,train,,46012,243.45
190,train,,46254,243.44
191,train,,46478,243.34
192,train,,46706,243.26
193,train,,46933,243.18
194,train,,47172,243.15
195,train,,47431,243.24
196,train,,47664,243.18
197,train,,47881,243.05
198,train,,48112,242.99
199,train,,48344,242.93
200,train,,48611,243.05
200,val,5.6725,48611,243.05
201,train,,48836,242.97
202,train,,49161,243.37
203,train,,49411,243.40
204,train,,49667,243.47
205,train,,49900,243.41
206,train,,50129,243.34
207,train,,50364,243.30
208,train,,50606,243.30
209,train,,50827,243.19
210,train,,51052,243.10
211,train,,51299,243.12
212,train,,51557,243.19
213,train,,51806,243.22
214,train,,52022,243.09
215,train,,52248,243.01
216,train,,52467,242.90
217,train,,52694,242.83
218,train,,52929,242.79
219,train,,53169,242.78
220,train,,53393,242.69
221,train,,53637,242.70
222,train,,53874,242.67
223,train,,54153,242.84
224,train,,54380,242.77
225,train,,54612,242.72
226,train,,54854,242.72
227,train,,55081,242.65
228,train,,55317,242.62
229,train,,55553,242.59
230,train,,55777,242.51
231,train,,56034,242.57
232,train,,56297,242.66
233,train,,56548,242.70
234,train,,56797,242.72
235,train,,57116,243.05
236,train,,57428,243.34
237,train,,57692,243.43
238,train,,57929,243.40
239,train,,58159,243.34
240,train,,58401,243.34
241,train,,58666,243.43
242,train,,58917,243.46
243,train,,59169,243.49
244,train,,59400,243.44
245,train,,59624,243.36
246,train,,59849,243.29
247,train,,60068,243.19
248,train,,60306,243.17
249,train,,60552,243.18
250,train,,60782,243.13
251,train,,61003,243.04
252,train,,61254,243.07
253,train,,61490,243.04
254,train,,61717,242.98
255,train,,61986,243.08
256,train,,62231,243.09
257,train,,62488,243.15
258,train,,62752,243.22
259,train,,62991,243.21
260,train,,63234,243.21
261,train,,63510,243.33
262,train,,63727,243.23
263,train,,63956,243.18
264,train,,64199,243.18
265,train,,64437,243.16
266,train,,64660,243.08
267,train,,64927,243.17
268,train,,65176,243.19
269,train,,65420,243.20
270,train,,65682,243.27
271,train,,65912,243.22
272,train,,66165,243.25
273,train,,66428,243.32
274,train,,66681,243.36
275,train,,66925,243.37
276,train,,67208,243.51
277,train,,67459,243.53
278,train,,67689,243.49
279,train,,67928,243.47
280,train,,68174,243.48
281,train,,68406,243.44
282,train,,68630,243.37
283,train,,68892,243.44
284,train,,69125,243.40
285,train,,69360,243.37
286,train,,69591,243.33
287,train,,69809,243.24
288,train,,70035,243.18
289,train,,70259,243.11
290,train,,70518,243.17
291,train,,70787,243.26
292,train,,71010,243.19
293,train,,71257,243.20
294,train,,71482,243.14
295,train,,71713,243.10
296,train,,71937,243.03
297,train,,72171,243.00
298,train,,72422,243.03
299,train,,72661,243.01
300,train,,72878,242.93
300,val,5.3589,72878,242.93
301,train,,73097,242.85
302,train,,73320,242.78
303,train,,73546,242.73
304,train,,73806,242.78
305,train,,74033,242.73
306,train,,74277,242.73
307,train,,74512,242.71
308,train,,74748,242.69
309,train,,74977,242.65
310,train,,75197,242.57
311,train,,75427,242.53
312,train,,75678,242.56
313,train,,75897,242.48
314,train,,76158,242.54
315,train,,76377,242.47
316,train,,76684,242.67
317,train,,76985,242.86
318,train,,77249,242.92
319,train,,77492,242.92
320,train,,77705,242.83
321,train,,77964,242.88
322,train,,78194,242.84
323,train,,78456,242.90
324,train,,78688,242.86
325,train,,78926,242.85
326,train,,79208,242.97
327,train,,79433,242.92
328,train,,79669,242.89
329,train,,79905,242.87
330,train,,80128,242.81
331,train,,80364,242.79
332,train,,80650,242.92
333,train,,80895,242.93
334,train,,81125,242.89
335,train,,81357,242.86
336,train,,81623,242.93
337,train,,81857,242.90
338,train,,82084,242.85
339,train,,82307,242.79
340,train,,82553,242.80
341,train,,82777,242.75
342,train,,83010,242.72
343,train,,83249,242.71
344,train,,83469,242.64
345,train,,83731,242.70
346,train,,83970,242.69
347,train,,84187,242.61
348,train,,84402,242.53
349,train,,84651,242.55
350,train,,84898,242.57
351,train,,85133,242.54
352,train,,85368,242.52
353,train,,85599,242.49
354,train,,85858,242.54
355,train,,86136,242.64
356,train,,86391,242.67
357,train,,86618,242.63
358,train,,86893,242.72
359,train,,87109,242.64
360,train,,87384,242.73
361,train,,87621,242.72
362,train,,87866,242.72
363,train,,88092,242.68
364,train,,88321,242.64
365,train,,88555,242.62
366,train,,88797,242.61
367,train,,89065,242.68
368,train,,89307,242.68
369,train,,89531,242.63
370,train,,89760,242.60
371,train,,89981,242.54
372,train,,90206,242.49
373,train,,90427,242.43
374,train,,90658,242.40
375,train,,90916,242.44
376,train,,91144,242.40
377,train,,91414,242.48
378,train,,91660,242.49
379,train,,91893,242.46
380,train,,92117,242.41
381,train,,92336,242.35
382,train,,92588,242.38
383,train,,92831,242.38
384,train,,93052,242.32
385,train,,93296,242.33
386,train,,93554,242.37
387,train,,93795,242.36
388,train,,94025,242.33
389,train,,94242,242.27
390,train,,94529,242.38
391,train,,94772,242.38
392,train,,94991,242.32
393,train,,95216,242.28
394,train,,95522,242.44
395,train,,95827,242.60
396,train,,96045,242.54
397,train,,96279,242.52
398,train,,96512,242.49
399,train,,96773,242.54
400,train,,96995,242.49
400,val,5.2461,96995,242.49
401,train,,97231,242.47
402,train,,97456,242.43
403,train,,97670,242.36
404,train,,97890,242.30
405,train,,98106,242.24
406,train,,98332,242.20
407,train,,98563,242.17
408,train,,98792,242.14
409,train,,99021,242.10
410,train,,99247,242.07
411,train,,99478,242.04
412,train,,99768,242.16
413,train,,99990,242.11
414,train,,100211,242.06
415,train,,100435,242.01
416,train,,100653,241.95
417,train,,100914,242.00
418,train,,101166,242.02
419,train,,101382,241.96
420,train,,101623,241.96
421,train,,101875,241.98
422,train,,102096,241.93
423,train,,102340,241.94
424,train,,102589,241.95
425,train,,102856,242.01
426,train,,103099,242.02
427,train,,103316,241.96
428,train,,103562,241.97
429,train,,103787,241.93
430,train,,104010,241.88
431,train,,104261,241.91
432,train,,104490,241.87
433,train,,104725,241.86
434,train,,104940,241.80
435,train,,105243,241.94
436,train,,105463,241.89
437,train,,105701,241.88
438,train,,105991,241.99
439,train,,106237,242.00
440,train,,106456,241.95
441,train,,106688,241.92
442,train,,106951,241.97
443,train,,107182,241.94
444,train,,107444,241.99
445,train,,107672,241.96
446,train,,107961,242.07
447,train,,108191,242.04
448,train,,108416,242.00
449,train,,108634,241.95
450,train,,108879,241.95
451,train,,109098,241.90
452,train,,109330,241.88
453,train,,109546,241.82
454,train,,109762,241.77
455,train,,109985,241.73
456,train,,110238,241.75
457,train,,110452,241.69
458,train,,110693,241.69
459,train,,110930,241.68
460,train,,111161,241.65
461,train,,111373,241.59
462,train,,111605,241.57
463,train,,111829,241.53
464,train,,112056,241.50
465,train,,112274,241.45
466,train,,112505,241.43
467,train,,112726,241.38
468,train,,112952,241.35
469,train,,113201,241.37
470,train,,113419,241.32
471,train,,113646,241.29
472,train,,113872,241.25
473,train,,114085,241.19
474,train,,114310,241.16
475,train,,114533,241.12
476,train,,114749,241.07
477,train,,114987,241.06
478,train,,115204,241.01
479,train,,115444,241.01
480,train,,115661,240.96
481,train,,115893,240.94
482,train,,116209,241.10
483,train,,116465,241.13
484,train,,116690,241.10
485,train,,116912,241.06
486,train,,117134,241.02
487,train,,117359,240.98
488,train,,117611,241.01
489,train,,117855,241.01
490,train,,118085,240.99
491,train,,118310,240.96
492,train,,118531,240.92
493,train,,118757,240.89
494,train,,118976,240.84
495,train,,119192,240.79
496,train,,119413,240.75
497,train,,119639,240.72
498,train,,119866,240.69
499,train,,120197,240.88
500,train,,120471,240.94
500,val,5.0427,120471,240.94
501,train,,120719,240.96
502,train,,120968,240.97
503,train,,121214,240.98
504,train,,121473,241.02
505,train,,121700,240.99
506,train,,121931,240.97
507,train,,122154,240.93
508,train,,122385,240.92
509,train,,122622,240.91
510,train,,122857,240.90
511,train,,123082,240.87
512,train,,123354,240.93
513,train,,123570,240.88
514,train,,123783,240.82
515,train,,124012,240.80
516,train,,124256,240.81
517,train,,124491,240.80
518,train,,124796,240.92
519,train,,125029,240.90
520,train,,125288,240.94
521,train,,125531,240.94
522,train,,125781,240.96
523,train,,126021,240.96
524,train,,126246,240.93
525,train,,126472,240.90
526,train,,126700,240.87
527,train,,126933,240.86
528,train,,127186,240.88
529,train,,127418,240.87
530,train,,127656,240.86
531,train,,127896,240.86
532,train,,128134,240.85
533,train,,128397,240.90
534,train,,128630,240.88
535,train,,128854,240.85
536,train,,129090,240.84
537,train,,129322,240.82
538,train,,129544,240.79
539,train,,129778,240.78
540,train,,130028,240.79
541,train,,130254,240.77
542,train,,130499,240.77
543,train,,130769,240.83
544,train,,130997,240.80
545,train,,131220,240.77
546,train,,131499,240.84
547,train,,131732,240.83
548,train,,131950,240.78
549,train,,132216,240.83
550,train,,132444,240.81
551,train,,132673,240.79
552,train,,132889,240.74
553,train,,133137,240.75
554,train,,133353,240.71
555,train,,133636,240.79
556,train,,133875,240.78
557,train,,134122,240.79
558,train,,134373,240.81
559,train,,134600,240.79
560,train,,134841,240.79
561,train,,135071,240.77
562,train,,135292,240.73
563,train,,135539,240.74
564,train,,135777,240.74
565,train,,136007,240.72
566,train,,136227,240.68
567,train,,136453,240.66
568,train,,136690,240.65
569,train,,136912,240.62
570,train,,137146,240.61
571,train,,137375,240.59
572,train,,137606,240.57
573,train,,137824,240.53
574,train,,138043,240.49
575,train,,138268,240.47
576,train,,138488,240.43
577,train,,138713,240.40
578,train,,138935,240.37
579,train,,139158,240.34
580,train,,139408,240.36
581,train,,139625,240.32
582,train,,139836,240.27
583,train,,140057,240.24
584,train,,140299,240.24
585,train,,140518,240.20
586,train,,140775,240.23
587,train,,141014,240.23
588,train,,141244,240.21
589,train,,141484,240.21
590,train,,141753,240.26
591,train,,142011,240.29
592,train,,142325,240.41
593,train,,142558,240.40
594,train,,142776,240.36
595,train,,142994,240.33
596,train,,143228,240.32
597,train,,143468,240.32
598,train,,143707,240.31
599,train,,143931,240.28
600,train,,144158,240.26
600,val,4.9276,144158,240.26
601,train,,144395,240.26
602,train,,144676,240.33
603,train,,144899,240.30
604,train,,145150,240.31
605,train,,145371,240.28
606,train,,145591,240.25
607,train,,145824,240.24
608,train,,146089,240.28
609,train,,146303,240.24
610,train,,146537,240.23
611,train,,146780,240.23
612,train,,147001,240.20
613,train,,147240,240.20
614,train,,147456,240.16
615,train,,147692,240.15
616,train,,147920,240.13
617,train,,148138,240.09
618,train,,148385,240.10
619,train,,148631,240.12
620,train,,148875,240.12
621,train,,149100,240.10
622,train,,149319,240.06
623,train,,149535,240.02
624,train,,149789,240.05
625,train,,150019,240.03
626,train,,150276,240.06
627,train,,150494,240.02
628,train,,150710,239.98
629,train,,150937,239.96
630,train,,151158,239.93
631,train,,151382,239.91
632,train,,151612,239.89
633,train,,151850,239.89
634,train,,152066,239.85
635,train,,152304,239.85
636,train,,152533,239.83
637,train,,152779,239.84
638,train,,153110,239.98
639,train,,153397,240.06
640,train,,153631,240.05
641,train,,153855,240.02
642,train,,154092,240.02
643,train,,154311,239.99
644,train,,154566,240.01
645,train,,154824,240.04
646,train,,155056,240.02
647,train,,155273,239.99
648,train,,155510,239.98
649,train,,155762,240.00
650,train,,156004,240.01
651,train,,156224,239.98
652,train,,156454,239.96
653,train,,156730,240.02
654,train,,156998,240.06
655,train,,157241,240.06
656,train,,157476,240.06
657,train,,157701,240.03
658,train,,157927,240.01
659,train,,158176,240.02
660,train,,158392,239.99
661,train,,158617,239.97
662,train,,158912,240.05
663,train,,159214,240.14
664,train,,159438,240.12
665,train,,159675,240.11
666,train,,159915,240.11
667,train,,160167,240.13
668,train,,160406,240.13
669,train,,160623,240.09
670,train,,160857,240.08
671,train,,161085,240.07
672,train,,161308,240.04
673,train,,161545,240.04
674,train,,161766,240.01
675,train,,161994,239.99
676,train,,162253,240.02
677,train,,162480,240.00
678,train,,162707,239.98
679,train,,162943,239.98
680,train,,163168,239.95
681,train,,163409,239.95
682,train,,163647,239.95
683,train,,163970,240.07
684,train,,164260,240.15
685,train,,164500,240.15
686,train,,164735,240.14
687,train,,164956,240.11
688,train,,165208,240.13
689,train,,165429,240.10
690,train,,165656,240.08
691,train,,165879,240.06
692,train,,166108,240.04
693,train,,166392,240.10
694,train,,166699,240.20
695,train,,166931,240.19
696,train,,167154,240.16
697,train,,167388,240.15
698,train,,167640,240.17
699,train,,167881,240.17
700,train,,168101,240.14
700,val,4.7959,168101,240.14
701,train,,168320,240.11
702,train,,168575,240.14
703,train,,168830,240.16
704,train,,169067,240.15
705,train,,169318,240.17
706,train,,169547,240.15
707,train,,169786,240.15
708,train,,170030,240.16
709,train,,170252,240.13
710,train,,170487,240.12
711,train,,170718,240.11
712,train,,170944,240.09
713,train,,171211,240.13
714,train,,171444,240.12
715,train,,171669,240.10
716,train,,171906,240.09
717,train,,172134,240.08
718,train,,172365,240.06
719,train,,172588,240.04
720,train,,172823,240.03
721,train,,173101,240.09
722,train,,173323,240.06
723,train,,173588,240.09
724,train,,173882,240.17
725,train,,174102,240.14
726,train,,174355,240.16
727,train,,174572,240.13
728,train,,174818,240.14
729,train,,175049,240.12
730,train,,175284,240.12
731,train,,175518,240.11
732,train,,175790,240.15
733,train,,176018,240.13
734,train,,176278,240.16
735,train,,176510,240.15
736,train,,176778,240.19
737,train,,177041,240.22
738,train,,177290,240.23
739,train,,177535,240.24
740,train,,177775,240.24
741,train,,178006,240.22
742,train,,178249,240.23
743,train,,178498,240.24
744,train,,178721,240.22
745,train,,178950,240.20
746,train,,179170,240.17
747,train,,179403,240.16
748,train,,179647,240.17
749,train,,179980,240.29
750,train,,180240,240.32
751,train,,180477,240.32
752,train,,180700,240.29
753,train,,180920,240.27
754,train,,181146,240.25
755,train,,181372,240.23
756,train,,181607,240.22
757,train,,181834,240.20
758,train,,182098,240.24
759,train,,182353,240.25
760,train,,182608,240.27
761,train,,182860,240.29
762,train,,183090,240.28
763,train,,183325,240.27
764,train,,183566,240.27
765,train,,183792,240.25
766,train,,184058,240.28
767,train,,184277,240.26
768,train,,184511,240.25
769,train,,184773,240.28
770,train,,185006,240.27
771,train,,185269,240.30
772,train,,185539,240.34
773,train,,185773,240.33
774,train,,186011,240.32
775,train,,186229,240.30
776,train,,186476,240.30
777,train,,186715,240.30
778,train,,186952,240.30
779,train,,187186,240.29
780,train,,187428,240.29
781,train,,187705,240.34
782,train,,187956,240.35
783,train,,188209,240.37
784,train,,188461,240.38
785,train,,188695,240.38
786,train,,188952,240.40
787,train,,189183,240.39
788,train,,189439,240.40
789,train,,189662,240.38
790,train,,189884,240.36
791,train,,190118,240.35
792,train,,190380,240.38
793,train,,190642,240.41
794,train,,190864,240.38
795,train,,191086,240.36
796,train,,191314,240.34
797,train,,191534,240.32
798,train,,191768,240.31
799,train,,192027,240.33
800,train,,192248,240.31
800,val,4.6363,192248,240.31
801,train,,192494,240.32
802,train,,192719,240.30
803,train,,192983,240.33
804,train,,193238,240.35
805,train,,193453,240.31
806,train,,193700,240.32
807,train,,193917,240.29
808,train,,194165,240.30
809,train,,194383,240.28
810,train,,194635,240.29
811,train,,194884,240.30
812,train,,195156,240.34
813,train,,195378,240.32
814,train,,195638,240.34
815,train,,195859,240.32
816,train,,196102,240.32
817,train,,196359,240.34
818,train,,196622,240.37
819,train,,196845,240.35
820,train,,197082,240.34
821,train,,197414,240.46
822,train,,197647,240.45
823,train,,197890,240.45
824,train,,198165,240.49
825,train,,198433,240.52
826,train,,198707,240.56
827,train,,198952,240.57
828,train,,199221,240.61
829,train,,199469,240.61
830,train,,199689,240.59
831,train,,199929,240.59
832,train,,200169,240.59
833,train,,200423,240.60
834,train,,200684,240.63
835,train,,200916,240.62
836,train,,201163,240.63
837,train,,201389,240.61
838,train,,201644,240.62
839,train,,201907,240.65
840,train,,202163,240.67
841,train,,202389,240.65
842,train,,202629,240.65
843,train,,202862,240.64
844,train,,203112,240.65
845,train,,203348,240.65
846,train,,203615,240.68
847,train,,203872,240.70
848,train,,204098,240.68
849,train,,204329,240.67
850,train,,204555,240.65
851,train,,204783,240.64
852,train,,205029,240.64
853,train,,205268,240.64
854,train,,205491,240.62
855,train,,205738,240.63
856,train,,205975,240.62
857,train,,206188,240.59
858,train,,206434,240.60
859,train,,206690,240.62
860,train,,206919,240.60
861,train,,207148,240.59
862,train,,207411,240.62
863,train,,207637,240.60
864,train,,207889,240.61
865,train,,208114,240.59
866,train,,208375,240.62
867,train,,208650,240.66
868,train,,208903,240.67
869,train,,209235,240.78
870,train,,209477,240.78
871,train,,209713,240.77
872,train,,210001,240.83
873,train,,210244,240.83
874,train,,210474,240.82
875,train,,210760,240.87
876,train,,210978,240.84
877,train,,211211,240.83
878,train,,211439,240.82
879,train,,211660,240.80
880,train,,211912,240.81
881,train,,212183,240.84
882,train,,212418,240.84
883,train,,212657,240.83
884,train,,212872,240.81
885,train,,213102,240.79
886,train,,213341,240.79
887,train,,213623,240.84
888,train,,213890,240.87
889,train,,214127,240.86
890,train,,214353,240.85
891,train,,214654,240.91
892,train,,214898,240.92
893,train,,215133,240.91
894,train,,215364,240.90
895,train,,215587,240.88
896,train,,215813,240.86
897,train,,216030,240.84
898,train,,216263,240.83
899,train,,216494,240.82
900,train,,216715,240.79
900,val,4.5897,216715,240.79
901,train,,216936,240.77
902,train,,217195,240.79
903,train,,217453,240.81
904,train,,217675,240.79
905,train,,217899,240.77
906,train,,218126,240.76
907,train,,218358,240.75
908,train,,218578,240.72
909,train,,218805,240.71
910,train,,219030,240.69
911,train,,219251,240.67
912,train,,219480,240.66
913,train,,219708,240.64
914,train,,219935,240.63
915,train,,220199,240.65
916,train,,220421,240.63
917,train,,220638,240.61
918,train,,220885,240.62
919,train,,221119,240.61
920,train,,221340,240.59
921,train,,221563,240.57
922,train,,221801,240.57
923,train,,222030,240.55
924,train,,222252,240.53
925,train,,222478,240.52
926,train,,222717,240.52
927,train,,222943,240.50
928,train,,223196,240.51
929,train,,223438,240.51
930,train,,223674,240.51
931,train,,223917,240.51
932,train,,224134,240.49
933,train,,224365,240.48
934,train,,224603,240.47
935,train,,224845,240.48
936,train,,225125,240.52
937,train,,225347,240.50
938,train,,225565,240.47
939,train,,225817,240.49
940,train,,226044,240.47
941,train,,226286,240.47
942,train,,226508,240.45
943,train,,226745,240.45
944,train,,227056,240.53
945,train,,227278,240.51
946,train,,227533,240.52
947,train,,227756,240.50
948,train,,227988,240.49
949,train,,228219,240.48
950,train,,228463,240.49
951,train,,228688,240.47
952,train,,228906,240.45
953,train,,229164,240.47
954,train,,229419,240.48
955,train,,229733,240.56
956,train,,229952,240.54
957,train,,230171,240.51
958,train,,230396,240.50
959,train,,230649,240.51
960,train,,230878,240.50
961,train,,231095,240.47
962,train,,231314,240.45
963,train,,231550,240.45
964,train,,231797,240.45
965,train,,232029,240.44
966,train,,232265,240.44
967,train,,232483,240.42
968,train,,232710,240.40
969,train,,232937,240.39
970,train,,233194,240.41
971,train,,233455,240.43
972,train,,233675,240.41
973,train,,233929,240.42
974,train,,234146,240.40
975,train,,234397,240.41
976,train,,234629,240.40
977,train,,234904,240.43
978,train,,235155,240.45
979,train,,235368,240.42
980,train,,235601,240.41
981,train,,235840,240.41
982,train,,236061,240.39
983,train,,236345,240.43
984,train,,236578,240.42
985,train,,236801,240.41
986,train,,237024,240.39
987,train,,237291,240.42
988,train,,237529,240.41
989,train,,237757,240.40
990,train,,237974,240.38
991,train,,238195,240.36
992,train,,238423,240.35
993,train,,238648,240.33
994,train,,238952,240.39
995,train,,239237,240.44
996,train,,239495,240.46
997,train,,239721,240.44
998,train,,239952,240.43
999,train,,240179,240.42
1000,train,,240398,240.40
1000,val,4.5509,240398,240.40
1001,train,,240620,240.38
1002,train,,240838,240.36
1003,train,,241061,240.34
1004,train,,241290,240.33
1005,train,,241542,240.34
1006,train,,241795,240.35
1007,train,,242050,240.37
1008,train,,242382,240.46
1009,train,,242694,240.53
1010,train,,242917,240.51
1011,train,,243154,240.51
1012,train,,243370,240.48
1013,train,,243590,240.46
1014,train,,243809,240.44
1015,train,,244024,240.42
1016,train,,244324,240.48
1017,train,,244553,240.47
1018,train,,244789,240.46
1019,train,,245033,240.46
1020,train,,245251,240.44
1021,train,,245469,240.42
1022,train,,245745,240.46
1023,train,,246022,240.49
1024,train,,246237,240.47
1025,train,,246462,240.45
1026,train,,246701,240.45
1027,train,,246975,240.48
1028,train,,247209,240.48
1029,train,,247437,240.46
1030,train,,247713,240.50
1031,train,,247941,240.49
1032,train,,248190,240.49
1033,train,,248438,240.50
1034,train,,248676,240.50
1035,train,,248897,240.48
1036,train,,249121,240.46
1037,train,,249350,240.45
1038,train,,249617,240.48
1039,train,,249861,240.48
1040,train,,250113,240.49
1041,train,,250391,240.53
1042,train,,250619,240.52
1043,train,,250844,240.50
1044,train,,251066,240.48
1045,train,,251289,240.47
1046,train,,251520,240.46
1047,train,,251756,240.45
1048,train,,251995,240.45
1049,train,,252232,240.45
1050,train,,252459,240.44
1051,train,,252695,240.43
1052,train,,252926,240.42
1053,train,,253144,240.40
1054,train,,253375,240.39
1055,train,,253603,240.38
1056,train,,253830,240.37
1057,train,,254065,240.36
1058,train,,254304,240.36
1059,train,,254569,240.39
1060,train,,254795,240.37
1061,train,,255049,240.39
1062,train,,255313,240.41
1063,train,,255555,240.41
1064,train,,255781,240.40
1065,train,,256001,240.38
1066,train,,256229,240.37
1067,train,,256487,240.38
1068,train,,256743,240.40
1069,train,,256982,240.39
1070,train,,257200,240.37
1071,train,,257476,240.41
1072,train,,257698,240.39
1073,train,,257968,240.42
1074,train,,258295,240.50
1075,train,,258522,240.49
1076,train,,258746,240.47
1077,train,,258967,240.45
1078,train,,259196,240.44
1079,train,,259457,240.46
1080,train,,259687,240.45
1081,train,,259916,240.44
1082,train,,260149,240.43
1083,train,,260472,240.51
1084,train,,260706,240.50
1085,train,,260938,240.50
1086,train,,261170,240.49
1087,train,,261393,240.47
1088,train,,261619,240.46
1089,train,,261910,240.50
1090,train,,262141,240.50
1091,train,,262399,240.51
1092,train,,262643,240.52
1093,train,,262875,240.51
1094,train,,263100,240.49
1095,train,,263355,240.51
1096,train,,263609,240.52
1097,train,,263843,240.51
1098,train,,264077,240.51
1099,train,,264314,240.50
1100,train,,264554,240.50
1100,val,4.5148,264554,240.50
1101,train,,264769,240.48
1102,train,,265002,240.47
1103,train,,265262,240.49
1104,train,,265512,240.50
1105,train,,265749,240.50
1106,train,,266007,240.51
1107,train,,266235,240.50
1108,train,,266508,240.53
1109,train,,266747,240.53
1110,train,,266977,240.52
1111,train,,267217,240.52
1112,train,,267445,240.51
1113,train,,267694,240.52
1114,train,,267984,240.56
1115,train,,268215,240.55
1116,train,,268469,240.56
1117,train,,268692,240.55
1118,train,,268930,240.55
1119,train,,269175,240.55
1120,train,,269430,240.56
1121,train,,269650,240.54
1122,train,,269870,240.53
1123,train,,270094,240.51
1124,train,,270326,240.50
1125,train,,270550,240.49
1126,train,,270781,240.48
1127,train,,271020,240.48
1128,train,,271245,240.47
1129,train,,271507,240.48
1130,train,,271755,240.49
1131,train,,272016,240.51
1132,train,,272245,240.50
1133,train,,272522,240.53
1134,train,,272758,240.53
1135,train,,273036,240.56
1136,train,,273285,240.57
1137,train,,273501,240.55
1138,train,,273727,240.53
1139,train,,273957,240.52
1140,train,,274191,240.52
1141,train,,274454,240.54
1142,train,,274758,240.59
1143,train,,274991,240.59
1144,train,,275223,240.58
1145,train,,275447,240.57
1146,train,,275688,240.57
1147,train,,275910,240.55
1148,train,,276139,240.54
1149,train,,276360,240.52
1150,train,,276580,240.50
1151,train,,276807,240.49
1152,train,,277035,240.48
1153,train,,277299,240.50
1154,train,,277574,240.53
1155,train,,277796,240.52
1156,train,,278028,240.51
1157,train,,278268,240.51
1158,train,,278491,240.49
1159,train,,278713,240.48
1160,train,,278940,240.47
1161,train,,279187,240.47
1162,train,,279407,240.45
1163,train,,279655,240.46
1164,train,,279908,240.47
1165,train,,280141,240.46
1166,train,,280397,240.48
1167,train,,280618,240.46
1168,train,,280848,240.45
1169,train,,281070,240.44
1170,train,,281308,240.43
1171,train,,281550,240.44
1172,train,,281820,240.46
1173,train,,282051,240.45
1174,train,,282281,240.44
1175,train,,282517,240.44
1176,train,,282764,240.45
1177,train,,282988,240.43
1178,train,,283211,240.42
1179,train,,283457,240.42
1180,train,,283709,240.43
1181,train,,283938,240.42
1182,train,,284170,240.41
1183,train,,284417,240.42
1184,train,,284656,240.42
1185,train,,284876,240.40
1186,train,,285119,240.40
1187,train,,285374,240.42
1188,train,,285649,240.45
1189,train,,285877,240.43
1190,train,,286132,240.45
1191,train,,286360,240.44
1192,train,,286618,240.45
1193,train,,286840,240.44
1194,train,,287073,240.43
1195,train,,287298,240.42
1196,train,,287538,240.42
1197,train,,287776,240.41
1198,train,,288038,240.43
1199,train,,288273,240.43
1200,train,,288503,240.42
1200,val,4.4702,288503,240.42
1201,train,,288740,240.42
1202,train,,288957,240.40
1203,train,,289192,240.39
1204,train,,289430,240.39
1205,train,,289675,240.39
1206,train,,289904,240.38
1207,train,,290130,240.37
1208,train,,290377,240.38
1209,train,,290634,240.39
1210,train,,290873,240.39
1211,train,,291130,240.40
1212,train,,291365,240.40
1213,train,,291595,240.39
1214,train,,291840,240.40
1215,train,,292060,240.38
1216,train,,292308,240.39
1217,train,,292538,240.38
1218,train,,292826,240.42
1219,train,,293067,240.42
1220,train,,293282,240.40
1221,train,,293513,240.39
1222,train,,293739,240.38
1223,train,,293982,240.38
1224,train,,294223,240.38
1225,train,,294445,240.36
1226,train,,294715,240.39
1227,train,,294939,240.37
1228,train,,295174,240.37
1229,train,,295408,240.36
1230,train,,295650,240.37
1231,train,,295903,240.38
1232,train,,296139,240.37
1233,train,,296382,240.37
1234,train,,296611,240.37
1235,train,,296860,240.37
1236,train,,297090,240.36
1237,train,,297365,240.39
1238,train,,297618,240.40
1239,train,,297903,240.44
1240,train,,298135,240.43
1241,train,,298377,240.43
1242,train,,298602,240.42
1243,train,,298873,240.45
1244,train,,299134,240.46
1245,train,,299355,240.45
1246,train,,299598,240.45
1247,train,,299843,240.45
1248,train,,300069,240.44
1249,train,,300339,240.46
1250,train,,300616,240.49
1251,train,,300935,240.56
1252,train,,301268,240.63
1253,train,,301600,240.70
1254,train,,301839,240.70
1255,train,,302080,240.70
1256,train,,302306,240.69
1257,train,,302524,240.67
1258,train,,302770,240.68
1259,train,,303022,240.68
1260,train,,303250,240.67
1261,train,,303482,240.67
1262,train,,303714,240.66
1263,train,,303952,240.66
1264,train,,304220,240.68
1265,train,,304469,240.69
1266,train,,304706,240.68
1267,train,,304943,240.68
1268,train,,305195,240.69
1269,train,,305419,240.68
1270,train,,305639,240.66
1271,train,,305892,240.67
1272,train,,306156,240.69
1273,train,,306379,240.68
1274,train,,306629,240.68
1275,train,,306892,240.70
1276,train,,307118,240.69
1277,train,,307333,240.67
1278,train,,307571,240.67
1279,train,,307805,240.66
1280,train,,308033,240.65
1281,train,,308324,240.69
1282,train,,308576,240.70
1283,train,,308806,240.69
1284,train,,309090,240.72
1285,train,,309314,240.71
1286,train,,309536,240.70
1287,train,,309812,240.72
1288,train,,310045,240.72
1289,train,,310272,240.71
1290,train,,310496,240.69
1291,train,,310737,240.69
1292,train,,310977,240.69
1293,train,,311211,240.69
1294,train,,311464,240.70
1295,train,,311683,240.68
1296,train,,311912,240.67
1297,train,,312169,240.69
1298,train,,312417,240.69
1299,train,,312693,240.72
1300,train,,313026,240.79
1300,val,4.4150,313026,240.79
1301,train,,313335,240.84
1302,train,,313564,240.83
1303,train,,313793,240.82
1304,train,,314027,240.82
1305,train,,314287,240.83
1306,train,,314527,240.83
1307,train,,314786,240.85
1308,train,,315014,240.84
1309,train,,315267,240.85
1310,train,,315505,240.84
1311,train,,315758,240.85
1312,train,,315989,240.85
1313,train,,316263,240.87
1314,train,,316490,240.86
1315,train,,316782,240.90
1316,train,,317028,240.90
1317,train,,317281,240.91
1318,train,,317498,240.89
1319,train,,317745,240.90
1320,train,,317988,240.90
1321,train,,318251,240.92
1322,train,,318499,240.92
1323,train,,318768,240.94
1324,train,,318988,240.93
1325,train,,319220,240.92
1326,train,,319436,240.90
1327,train,,319721,240.94
1328,train,,320011,240.97
1329,train,,320258,240.98
1330,train,,320481,240.96
1331,train,,320718,240.96
1332,train,,320957,240.96
1333,train,,321176,240.94
1334,train,,321403,240.93
1335,train,,321651,240.94
1336,train,,321905,240.95
1337,train,,322162,240.96
1338,train,,322418,240.97
1339,train,,322651,240.96
1340,train,,322902,240.97
1341,train,,323133,240.96
1342,train,,323380,240.97
1343,train,,323607,240.96
1344,train,,323840,240.95
1345,train,,324068,240.94
1346,train,,324315,240.95
1347,train,,324537,240.93
1348,train,,324781,240.94
1349,train,,325029,240.94
1350,train,,325277,240.95
1351,train,,325520,240.95
1352,train,,325745,240.94
1353,train,,325972,240.93
1354,train,,326225,240.93
1355,train,,326484,240.95
1356,train,,326720,240.94
1357,train,,326941,240.93
1358,train,,327164,240.92
1359,train,,327403,240.91
1360,train,,327634,240.91
1361,train,,327868,240.90
1362,train,,328099,240.89
1363,train,,328357,240.91
1364,train,,328584,240.90
1365,train,,328834,240.90
1366,train,,329059,240.89
1367,train,,329280,240.88
1368,train,,329497,240.86
1369,train,,329739,240.86
1370,train,,329983,240.86
1371,train,,330207,240.85
1372,train,,330467,240.87
1373,train,,330712,240.87
1374,train,,330937,240.86
1375,train,,331156,240.84
1376,train,,331409,240.85
1377,train,,331644,240.85
1378,train,,331895,240.85
1379,train,,332129,240.85
1380,train,,332346,240.83
1381,train,,332577,240.82
1382,train,,332797,240.81
1383,train,,333041,240.81
1384,train,,333298,240.82
1385,train,,333535,240.82
1386,train,,333756,240.81
1387,train,,333993,240.80
1388,train,,334230,240.80
1389,train,,334464,240.80
1390,train,,334698,240.79
1391,train,,334947,240.80
1392,train,,335174,240.79
1393,train,,335440,240.80
1394,train,,335674,240.80
1395,train,,335892,240.78
1396,train,,336127,240.78
1397,train,,336385,240.79
1398,train,,336620,240.79
1399,train,,336850,240.78
1400,train,,337075,240.77
1400,val,4.3560,337075,240.77
1401,train,,337342,240.79
1402,train,,337602,240.80
1403,train,,337826,240.79
1404,train,,338068,240.79
1405,train,,338286,240.77
1406,train,,338508,240.76
1407,train,,338751,240.76
1408,train,,338994,240.76
1409,train,,339219,240.75
1410,train,,339460,240.75
1411,train,,339690,240.74
1412,train,,339954,240.76
1413,train,,340216,240.78
1414,train,,340460,240.78
1415,train,,340688,240.77
1416,train,,340944,240.78
1417,train,,341178,240.77
1418,train,,341415,240.77
1419,train,,341647,240.77
1420,train,,341863,240.75
1421,train,,342093,240.74
1422,train,,342313,240.73
1423,train,,342564,240.73
1424,train,,342790,240.72
1425,train,,343042,240.73
1426,train,,343264,240.72
1427,train,,343530,240.74
1428,train,,343812,240.76
1429,train,,344036,240.75
1430,train,,344261,240.74
1431,train,,344490,240.73
1432,train,,344730,240.73
1433,train,,344947,240.72
1434,train,,345185,240.71
1435,train,,345409,240.70
1436,train,,345633,240.69
1437,train,,345858,240.68
1438,train,,346080,240.67
1439,train,,346302,240.65
1440,train,,346536,240.65
1441,train,,346815,240.68
1442,train,,347062,240.68
1443,train,,347331,240.70
1444,train,,347553,240.69
1445,train,,347774,240.67
1446,train,,347998,240.66
1447,train,,348227,240.65
1448,train,,348448,240.64
1449,train,,348694,240.64
1450,train,,348988,240.68
1451,train,,349216,240.67
1452,train,,349452,240.67
1453,train,,349753,240.71
1454,train,,350030,240.74
1455,train,,350319,240.77
1456,train,,350603,240.80
1457,train,,350869,240.82
1458,train,,351106,240.81
1459,train,,351330,240.80
1460,train,,351572,240.80
1461,train,,351793,240.79
1462,train,,352010,240.77
1463,train,,352234,240.76
1464,train,,352466,240.76
1465,train,,352720,240.76
1466,train,,352947,240.76
1467,train,,353165,240.74
1468,train,,353391,240.73
1469,train,,353621,240.72
1470,train,,353873,240.73
1471,train,,354093,240.72
1472,train,,354336,240.72
1473,train,,354562,240.71
1474,train,,354781,240.69
1475,train,,355021,240.69
1476,train,,355271,240.70
1477,train,,355502,240.69
1478,train,,355736,240.69
1479,train,,355985,240.69
1480,train,,356224,240.69
1481,train,,356467,240.69
1482,train,,356723,240.70
1483,train,,356967,240.71
1484,train,,357187,240.69
1485,train,,357433,240.70
1486,train,,357681,240.70
1487,train,,357909,240.69
1488,train,,358144,240.69
1489,train,,358365,240.67
1490,train,,358597,240.67
1491,train,,358828,240.66
1492,train,,359049,240.65
1493,train,,359314,240.67
1494,train,,359539,240.66
1495,train,,359806,240.67
1496,train,,360082,240.70
1497,train,,360304,240.68
1498,train,,360517,240.67
1499,train,,360737,240.65
1500,train,,360954,240.64
1500,val,4.3444,360954,240.64
1501,train,,361173,240.62
1502,train,,361409,240.62
1503,train,,361626,240.60
1504,train,,361851,240.59
1505,train,,362098,240.60
1506,train,,362335,240.59
1507,train,,362553,240.58
1508,train,,362793,240.58
1509,train,,363013,240.57
1510,train,,363242,240.56
1511,train,,363472,240.55
1512,train,,363701,240.54
1513,train,,363966,240.56
1514,train,,364183,240.54
1515,train,,364417,240.54
1516,train,,364642,240.53
1517,train,,364866,240.52
1518,train,,365109,240.52
1519,train,,365335,240.51
1520,train,,365569,240.51
1521,train,,365787,240.49
1522,train,,366038,240.50
1523,train,,366276,240.50
1524,train,,366495,240.48
1525,train,,366728,240.48
1526,train,,366961,240.47
1527,train,,367222,240.49
1528,train,,367505,240.51
1529,train,,367742,240.51
1530,train,,368005,240.53
1531,train,,368226,240.51
1532,train,,368459,240.51
1533,train,,368685,240.50
1534,train,,368935,240.50
1535,train,,369165,240.50
1536,train,,369417,240.51
1537,train,,369687,240.52
1538,train,,370019,240.58
1539,train,,370290,240.60
1540,train,,370549,240.62
1541,train,,370770,240.60
1542,train,,370993,240.59
1543,train,,371208,240.58
1544,train,,371427,240.56
1545,train,,371654,240.55
1546,train,,371892,240.55
1547,train,,372157,240.57
1548,train,,372380,240.56
1549,train,,372611,240.55
1550,train,,372837,240.54
1551,train,,373066,240.53
1552,train,,373296,240.53
1553,train,,373532,240.52
1554,train,,373811,240.55
1555,train,,374041,240.54
1556,train,,374265,240.53
1557,train,,374549,240.56
1558,train,,374798,240.56
1559,train,,375019,240.55
1560,train,,375238,240.54
1561,train,,375475,240.53
1562,train,,375696,240.52
1563,train,,375911,240.51
1564,train,,376142,240.50
1565,train,,376367,240.49
1566,train,,376584,240.48
1567,train,,376818,240.47
1568,train,,377041,240.46
1569,train,,377281,240.46
1570,train,,377571,240.49
1571,train,,377852,240.52
1572,train,,378158,240.56
1573,train,,378491,240.62
1574,train,,378823,240.68
1575,train,,379066,240.68
1576,train,,379295,240.67
1577,train,,379522,240.66
1578,train,,379749,240.65
1579,train,,379972,240.64
1580,train,,380201,240.63
1581,train,,380421,240.62
1582,train,,380648,240.61
1583,train,,380873,240.60
1584,train,,381110,240.60
1585,train,,381327,240.58
1586,train,,381565,240.58
1587,train,,381811,240.59
1588,train,,382032,240.57
1589,train,,382251,240.56
1590,train,,382475,240.55
1591,train,,382699,240.54
1592,train,,382923,240.53
1593,train,,383191,240.55
1594,train,,383413,240.54
1595,train,,383664,240.54
1596,train,,383889,240.53
1597,train,,384122,240.53
1598,train,,384360,240.53
1599,train,,384611,240.53
1600,train,,384839,240.52
1600,val,4.3221,384839,240.52
1601,train,,385062,240.51
1602,train,,385308,240.52
1603,train,,385536,240.51
1604,train,,385789,240.52
1605,train,,386009,240.50
1606,train,,386226,240.49
1607,train,,386465,240.49
1608,train,,386712,240.49
1609,train,,386930,240.48
1610,train,,387153,240.47
1611,train,,387414,240.48
1612,train,,387641,240.47
1613,train,,387866,240.46
1614,train,,388101,240.46
1615,train,,388344,240.46
1616,train,,388582,240.46
1617,train,,388804,240.45
1618,train,,389023,240.43
1619,train,,389245,240.42
1620,train,,389467,240.41
1621,train,,389719,240.42
1622,train,,389952,240.41
1623,train,,390174,240.40
1624,train,,390399,240.39
1625,train,,390625,240.38
1626,train,,390864,240.38
1627,train,,391089,240.37
1628,train,,391371,240.40
1629,train,,391640,240.42
1630,train,,391871,240.41
1631,train,,392121,240.42
1632,train,,392338,240.40
1633,train,,392567,240.40
1634,train,,392813,240.40
1635,train,,393038,240.39
1636,train,,393285,240.39
1637,train,,393517,240.39
1638,train,,393745,240.38
1639,train,,393982,240.38
1640,train,,394215,240.37
1641,train,,394471,240.38
1642,train,,394712,240.38
1643,train,,394938,240.38
1644,train,,395165,240.37
1645,train,,395387,240.36
1646,train,,395633,240.36
1647,train,,395871,240.36
1648,train,,396088,240.34
1649,train,,396313,240.34
1650,train,,396544,240.33
1651,train,,396771,240.32
1652,train,,396993,240.31
1653,train,,397224,240.30
1654,train,,397455,240.30
1655,train,,397680,240.29
1656,train,,397894,240.27
1657,train,,398132,240.27
1658,train,,398358,240.26
1659,train,,398589,240.26
1660,train,,398825,240.26
1661,train,,399057,240.25
1662,train,,399289,240.25
1663,train,,399512,240.24
1664,train,,399734,240.22
1665,train,,399975,240.23
1666,train,,400218,240.23
1667,train,,400486,240.24
1668,train,,400711,240.23
1669,train,,400935,240.22
1670,train,,401159,240.22
1671,train,,401436,240.24
1672,train,,401695,240.25
1673,train,,401919,240.24
1674,train,,402150,240.23
1675,train,,402387,240.23
1676,train,,402624,240.23
1677,train,,402856,240.22
1678,train,,403094,240.22
1679,train,,403319,240.21
1680,train,,403573,240.22
1681,train,,403793,240.21
1682,train,,404026,240.21
1683,train,,404281,240.21
1684,train,,404548,240.23
1685,train,,404808,240.24
1686,train,,405046,240.24
1687,train,,405331,240.27
1688,train,,405558,240.26
1689,train,,405774,240.25
1690,train,,406025,240.25
1691,train,,406316,240.28
1692,train,,406536,240.27
1693,train,,406764,240.26
1694,train,,407001,240.26
1695,train,,407230,240.25
1696,train,,407456,240.25
1697,train,,407680,240.24
1698,train,,407923,240.24
1699,train,,408149,240.23
1700,train,,408369,240.22
1700,val,4.3068,408369,240.22
1701,train,,408589,240.21
1702,train,,408821,240.20
1703,train,,409067,240.20
1704,train,,409306,240.20
1705,train,,409531,240.19
1706,train,,409747,240.18
1707,train,,410000,240.19
1708,train,,410224,240.18
1709,train,,410459,240.17
1710,train,,410682,240.16
1711,train,,410912,240.16
1712,train,,411144,240.15
1713,train,,411374,240.15
1714,train,,411590,240.13
1715,train,,411841,240.14
1716,train,,412078,240.14
1717,train,,412302,240.13
1718,train,,412531,240.12
1719,train,,412786,240.13
1720,train,,413011,240.12
1721,train,,413273,240.14
1722,train,,413514,240.14
1723,train,,413744,240.13
1724,train,,413988,240.13
1725,train,,414216,240.13
1726,train,,414456,240.13
1727,train,,414722,240.14
1728,train,,414946,240.13
1729,train,,415195,240.14
1730,train,,415418,240.13
1731,train,,415649,240.12
1732,train,,415874,240.11
1733,train,,416130,240.12
1734,train,,416376,240.12
1735,train,,416632,240.13
1736,train,,416901,240.15
1737,train,,417143,240.15
1738,train,,417417,240.17
1739,train,,417656,240.17
1740,train,,417886,240.16
1741,train,,418110,240.16
1742,train,,418354,240.16
1743,train,,418571,240.14
1744,train,,418787,240.13
1745,train,,419013,240.12
1746,train,,419230,240.11
1747,train,,419478,240.11
1748,train,,419720,240.11
1749,train,,420023,240.15
1750,train,,420289,240.16
1751,train,,420520,240.16
1752,train,,420745,240.15
1753,train,,420985,240.15
1754,train,,421283,240.18
1755,train,,421616,240.24
1756,train,,421869,240.24
1757,train,,422094,240.24
1758,train,,422341,240.24
1759,train,,422566,240.23
1760,train,,422821,240.24
1761,train,,423063,240.24
1762,train,,423320,240.25
1763,train,,423552,240.24
1764,train,,423767,240.23
1765,train,,423995,240.22
1766,train,,424219,240.21
1767,train,,424449,240.21
1768,train,,424703,240.22
1769,train,,424934,240.21
1770,train,,425166,240.21
1771,train,,425390,240.20
1772,train,,425614,240.19
1773,train,,425880,240.20
1774,train,,426101,240.19
1775,train,,426324,240.18
1776,train,,426584,240.19
1777,train,,426813,240.19
1778,train,,427058,240.19
1779,train,,427272,240.18
1780,train,,427507,240.17
1781,train,,427744,240.17
1782,train,,427987,240.17
1783,train,,428237,240.18
1784,train,,428516,240.20
1785,train,,428770,240.21
1786,train,,429007,240.21
1787,train,,429239,240.20
1788,train,,429475,240.20
1789,train,,429708,240.19
1790,train,,429938,240.19
1791,train,,430220,240.21
1792,train,,430439,240.20
1793,train,,430664,240.19
1794,train,,430913,240.20
1795,train,,431143,240.19
1796,train,,431371,240.18
1797,train,,431607,240.18
1798,train,,431841,240.18
1799,train,,432060,240.17
1800,train,,432283,240.16
1800,val,4.2713,432283,240.16
1801,train,,432533,240.16
1802,train,,432812,240.18
1803,train,,433036,240.18
1804,train,,433295,240.19
1805,train,,433534,240.19
1806,train,,433781,240.19
1807,train,,434017,240.19
1808,train,,434251,240.18
1809,train,,434526,240.20
1810,train,,434817,240.23
1811,train,,435068,240.24
1812,train,,435306,240.24
1813,train,,435622,240.28
1814,train,,435846,240.27
1815,train,,436068,240.26
1816,train,,436296,240.25
1817,train,,436557,240.26
1818,train,,436772,240.25
1819,train,,437007,240.25
1820,train,,437234,240.24
1821,train,,437487,240.25
1822,train,,437750,240.26
1823,train,,437972,240.25
1824,train,,438224,240.25
1825,train,,438462,240.25
1826,train,,438695,240.25
1827,train,,438969,240.27
1828,train,,439214,240.27
1829,train,,439441,240.26
1830,train,,439669,240.26
1831,train,,439899,240.25
1832,train,,440153,240.26
1833,train,,440401,240.26
1834,train,,440629,240.26
1835,train,,440855,240.25
1836,train,,441095,240.25
1837,train,,441313,240.24
1838,train,,441548,240.23
1839,train,,441801,240.24
1840,train,,442052,240.25
1841,train,,442292,240.25
1842,train,,442513,240.24
1843,train,,442745,240.23
1844,train,,442975,240.23
1845,train,,443198,240.22
1846,train,,443414,240.20
1847,train,,443683,240.22
1848,train,,443912,240.21
1849,train,,444158,240.22
1850,train,,444424,240.23
1851,train,,444659,240.23
1852,train,,444899,240.23
1853,train,,445125,240.22
1854,train,,445392,240.23
1855,train,,445646,240.24
1856,train,,445884,240.24
1857,train,,446110,240.23
1858,train,,446356,240.23
1859,train,,446617,240.25
1860,train,,446842,240.24
1861,train,,447088,240.24
1862,train,,447308,240.23
1863,train,,447536,240.22
1864,train,,447789,240.23
1865,train,,448010,240.22
1866,train,,448263,240.23
1867,train,,448497,240.22
1868,train,,448723,240.22
1869,train,,448949,240.21
1870,train,,449167,240.20
1871,train,,449416,240.20
1872,train,,449696,240.22
1873,train,,449973,240.24
1874,train,,450219,240.25
1875,train,,450458,240.24
1876,train,,450681,240.24
1877,train,,450921,240.23
1878,train,,451171,240.24
1879,train,,451389,240.23
1880,train,,451609,240.22
1881,train,,451857,240.22
1882,train,,452099,240.22
1883,train,,452329,240.22
1884,train,,452587,240.23
1885,train,,452835,240.23
1886,train,,453065,240.23
1887,train,,453282,240.21
1888,train,,453504,240.20
1889,train,,453729,240.20
1890,train,,454008,240.22
1891,train,,454255,240.22
1892,train,,454510,240.23
1893,train,,454745,240.22
1894,train,,454991,240.23
1895,train,,455243,240.23
1896,train,,455524,240.26
1897,train,,455754,240.25
1898,train,,455995,240.25
1899,train,,456224,240.24
1900,train,,456471,240.25
1900,val,4.2173,456471,240.25
1901,train,,456736,240.26
1902,train,,456974,240.26
1903,train,,457253,240.28
1904,train,,457502,240.28
1905,train,,457738,240.28
1906,train,,457986,240.29
1907,train,,458220,240.28
1908,train,,458453,240.28
1909,train,,458702,240.28
1910,train,,458930,240.28
1911,train,,459214,240.30
1912,train,,459452,240.30
1913,train,,459696,240.30
1914,train,,459912,240.29
1915,train,,460139,240.28
1916,train,,460354,240.27
1917,train,,460615,240.28
1918,train,,460879,240.29
1919,train,,461101,240.28
1920,train,,461347,240.28
1921,train,,461597,240.29
1922,train,,461823,240.28
1923,train,,462056,240.28
1924,train,,462311,240.29
1925,train,,462588,240.31
1926,train,,462814,240.30
1927,train,,463081,240.31
1928,train,,463337,240.32
1929,train,,463569,240.32
1930,train,,463816,240.32
1931,train,,464059,240.32
1932,train,,464347,240.35
1933,train,,464583,240.34
1934,train,,464816,240.34
1935,train,,465041,240.33
1936,train,,465267,240.32
1937,train,,465494,240.32
1938,train,,465712,240.31
1939,train,,465985,240.32
1940,train,,466290,240.36
1941,train,,466514,240.35
1942,train,,466750,240.35
1943,train,,466967,240.33
1944,train,,467190,240.32
1945,train,,467417,240.32
1946,train,,467641,240.31
1947,train,,467867,240.30
1948,train,,468096,240.30
1949,train,,468316,240.29
1950,train,,468565,240.29
1951,train,,468803,240.29
1952,train,,469056,240.30
1953,train,,469304,240.30
1954,train,,469570,240.31
1955,train,,469838,240.33
1956,train,,470081,240.33
1957,train,,470318,240.33
1958,train,,470556,240.32
1959,train,,470786,240.32
1960,train,,471012,240.31
1961,train,,471267,240.32
1962,train,,471499,240.32
1963,train,,471778,240.33
1964,train,,472007,240.33
1965,train,,472230,240.32
1966,train,,472446,240.31
1967,train,,472665,240.30
1968,train,,472910,240.30
1969,train,,473156,240.30
1970,train,,473374,240.29
1971,train,,473596,240.28
1972,train,,473816,240.27
1973,train,,474039,240.26
1974,train,,474277,240.26
1975,train,,474498,240.25
1976,train,,474730,240.25
1977,train,,474979,240.25
1978,train,,475260,240.27
1979,train,,475487,240.27
1980,train,,475722,240.26
1981,train,,475941,240.25
1982,train,,476181,240.25
1983,train,,476415,240.25
1984,train,,476655,240.25
1985,train,,476887,240.25
1986,train,,477187,240.28
1987,train,,477405,240.26
1988,train,,477662,240.27
1989,train,,477888,240.27
1990,train,,478112,240.26
1991,train,,478348,240.26
1992,train,,478567,240.24
1993,train,,478815,240.25
1994,train,,479045,240.24
1995,train,,479277,240.24
1996,train,,479558,240.26
1997,train,,479781,240.25
1998,train,,480012,240.25
1999,train,,480247,240.24
2000,train,,480482,240.24
2000,val,4.1973,480482,240.24
2001,train,,480705,240.23
2002,train,,480969,240.24
2003,train,,481208,240.24
2004,train,,481447,240.24
2005,train,,481669,240.23
2006,train,,481906,240.23
2007,train,,482181,240.25
2008,train,,482425,240.25
2009,train,,482661,240.25
2010,train,,482879,240.24
2011,train,,483128,240.24
2012,train,,483392,240.25
2013,train,,483616,240.25
2014,train,,483873,240.25
2015,train,,484133,240.26
2016,train,,484362,240.26
2017,train,,484585,240.25
2018,train,,484869,240.27
2019,train,,485107,240.27
2020,train,,485350,240.27
2021,train,,485654,240.30
2022,train,,485876,240.29
2023,train,,486098,240.29
2024,train,,486345,240.29
2025,train,,486561,240.28
2026,train,,486801,240.28
2027,train,,487041,240.28
2028,train,,487261,240.27
2029,train,,487511,240.27
2030,train,,487764,240.28
2031,train,,487986,240.27
2032,train,,488213,240.26
2033,train,,488468,240.27
2034,train,,488694,240.26
2035,train,,488930,240.26
2036,train,,489156,240.25
2037,train,,489422,240.27
2038,train,,489638,240.25
2039,train,,489863,240.25
2040,train,,490096,240.24
2041,train,,490339,240.24
2042,train,,490597,240.25
2043,train,,490821,240.25
2044,train,,491046,240.24
2045,train,,491267,240.23
2046,train,,491488,240.22
2047,train,,491729,240.22
2048,train,,491982,240.23
2049,train,,492206,240.22
2050,train,,492446,240.22
2051,train,,492690,240.22
2052,train,,492939,240.22
2053,train,,493163,240.22
2054,train,,493418,240.22
2055,train,,493673,240.23
2056,train,,493895,240.22
2057,train,,494183,240.24
2058,train,,494425,240.25
2059,train,,494661,240.24
2060,train,,494891,240.24
2061,train,,495114,240.23
2062,train,,495347,240.23
2063,train,,495560,240.21
2064,train,,495777,240.20
2065,train,,496009,240.20
2066,train,,496232,240.19
2067,train,,496509,240.21
2068,train,,496724,240.20
2069,train,,496954,240.19
2070,train,,497199,240.19
2071,train,,497430,240.19
2072,train,,497645,240.18
2073,train,,497890,240.18
2074,train,,498121,240.17
2075,train,,498351,240.17
2076,train,,498577,240.16
2077,train,,498796,240.15
2078,train,,499014,240.14
2079,train,,499249,240.14
2080,train,,499468,240.13
2081,train,,499684,240.12
2082,train,,499903,240.11
2083,train,,500121,240.10
2084,train,,500379,240.11
2085,train,,500605,240.10
2086,train,,500829,240.09
2087,train,,501058,240.09
2088,train,,501314,240.09
2089,train,,501554,240.09
2090,train,,501779,240.09
2091,train,,502002,240.08
2092,train,,502260,240.09
2093,train,,502494,240.08
2094,train,,502733,240.08
2095,train,,502954,240.07
2096,train,,503196,240.07
2097,train,,503445,240.08
2098,train,,503666,240.07
2099,train,,503883,240.06
2100,train,,504119,240.06
2100,val,4.1680,504119,240.06
2101,train,,504372,240.06
2102,train,,504606,240.06
2103,train,,504849,240.06
2104,train,,505078,240.06
2105,train,,505316,240.06
2106,train,,505533,240.04
2107,train,,505779,240.05
2108,train,,506022,240.05
2109,train,,506306,240.07
2110,train,,506533,240.06
2111,train,,506754,240.05
2112,train,,506974,240.04
2113,train,,507194,240.03
2114,train,,507419,240.03
2115,train,,507636,240.02
2116,train,,507874,240.02
2117,train,,508118,240.02
2118,train,,508395,240.04
2119,train,,508623,240.03
2120,train,,508871,240.03
2121,train,,509145,240.05
2122,train,,509383,240.05
2123,train,,509625,240.05
2124,train,,509891,240.06
2125,train,,510119,240.06
2126,train,,510357,240.06
2127,train,,510576,240.05
2128,train,,510815,240.04
2129,train,,511050,240.04
2130,train,,511285,240.04
2131,train,,511573,240.06
2132,train,,511868,240.09
2133,train,,512145,240.11
2134,train,,512387,240.11
2135,train,,512632,240.11
2136,train,,512855,240.10
2137,train,,513133,240.12
2138,train,,513350,240.11
2139,train,,513578,240.10
2140,train,,513804,240.10
2141,train,,514028,240.09
2142,train,,514289,240.10
2143,train,,514541,240.10
2144,train,,514773,240.10
2145,train,,515022,240.10
2146,train,,515254,240.10
2147,train,,515477,240.09
2148,train,,515718,240.09
2149,train,,515971,240.10
2150,train,,516188,240.09
2151,train,,516446,240.10
2152,train,,516684,240.09
2153,train,,516912,240.09
2154,train,,517136,240.08
2155,train,,517361,240.07
2156,train,,517611,240.08
2157,train,,517897,240.10
2158,train,,518128,240.10
2159,train,,518368,240.10
2160,train,,518603,240.09
2161,train,,518822,240.08
2162,train,,519056,240.08
2163,train,,519284,240.08
2164,train,,519525,240.08
2165,train,,519752,240.07
2166,train,,519982,240.07
2167,train,,520204,240.06
2168,train,,520461,240.07
2169,train,,520731,240.08
2170,train,,520996,240.09
2171,train,,521302,240.12
2172,train,,521522,240.11
2173,train,,521742,240.10
2174,train,,521995,240.11
2175,train,,522221,240.10
2176,train,,522444,240.09
2177,train,,522680,240.09
2178,train,,522952,240.11
2179,train,,523224,240.12
2180,train,,523460,240.12
2181,train,,523690,240.11
2182,train,,523916,240.11
2183,train,,524157,240.11
2184,train,,524395,240.11
2185,train,,524657,240.12
2186,train,,524879,240.11
2187,train,,525102,240.10
2188,train,,525371,240.11
2189,train,,525593,240.11
2190,train,,525820,240.10
2191,train,,526043,240.09
2192,train,,526323,240.11
2193,train,,526575,240.12
2194,train,,526792,240.11
2195,train,,527021,240.10
2196,train,,527307,240.12
2197,train,,527546,240.12
2198,train,,527766,240.11
2199,train,,527992,240.11
2200,train,,528215,240.10
2200,val,4.1501,528215,240.10
2201,train,,528466,240.10
2202,train,,528735,240.12
2203,train,,528960,240.11
2204,train,,529196,240.11
2205,train,,529436,240.11
2206,train,,529670,240.10
2207,train,,529907,240.10
2208,train,,530138,240.10
2209,train,,530389,240.10
2210,train,,530628,240.10
2211,train,,530867,240.10
2212,train,,531130,240.11
2213,train,,531361,240.11
2214,train,,531601,240.11
2215,train,,531836,240.11
2216,train,,532089,240.11
2217,train,,532370,240.13
2218,train,,532588,240.12
2219,train,,532835,240.12
2220,train,,533056,240.12
2221,train,,533283,240.11
2222,train,,533510,240.10
2223,train,,533745,240.10
2224,train,,533970,240.09
2225,train,,534190,240.09
2226,train,,534416,240.08
2227,train,,534633,240.07
2228,train,,534870,240.07
2229,train,,535101,240.06
2230,train,,535341,240.06
2231,train,,535593,240.07
2232,train,,535848,240.08
2233,train,,536084,240.07
2234,train,,536348,240.08
2235,train,,536574,240.08
2236,train,,536805,240.07
2237,train,,537022,240.06
2238,train,,537248,240.06
2239,train,,537474,240.05
2240,train,,537705,240.05
2241,train,,537927,240.04
2242,train,,538185,240.05
2243,train,,538441,240.05
2244,train,,538691,240.06
2245,train,,538944,240.06
2246,train,,539168,240.06
2247,train,,539407,240.06
2248,train,,539638,240.05
2249,train,,539856,240.04
2250,train,,540076,240.03
2251,train,,540298,240.03
2252,train,,540538,240.03
2253,train,,540791,240.03
2254,train,,541010,240.02
2255,train,,541239,240.02
2256,train,,541515,240.03
2257,train,,541820,240.06
2258,train,,542062,240.06
2259,train,,542282,240.05
2260,train,,542522,240.05
2261,train,,542818,240.08
2262,train,,543049,240.07
2263,train,,543274,240.07
2264,train,,543502,240.06
2265,train,,543740,240.06
2266,train,,543963,240.05
2267,train,,544193,240.05
2268,train,,544416,240.04
2269,train,,544652,240.04
2270,train,,544912,240.05
2271,train,,545148,240.05
2272,train,,545371,240.04
2273,train,,545613,240.04
2274,train,,545834,240.03
2275,train,,546067,240.03
2276,train,,546302,240.03
2277,train,,546534,240.02
2278,train,,546777,240.03
2279,train,,547029,240.03
2280,train,,547318,240.05
2281,train,,547543,240.05
2282,train,,547772,240.04
2283,train,,547990,240.03
2284,train,,548308,240.06
2285,train,,548595,240.09
2286,train,,548815,240.08
2287,train,,549067,240.08
2288,train,,549300,240.08
2289,train,,549533,240.08
2290,train,,549760,240.07
2291,train,,550015,240.08
2292,train,,550238,240.07
2293,train,,550486,240.07
2294,train,,550716,240.07
2295,train,,550946,240.06
2296,train,,551172,240.06
2297,train,,551462,240.08
2298,train,,551697,240.08
2299,train,,551929,240.07
2300,train,,552147,240.06
2300,val,4.1186,552147,240.06
2301,train,,552371,240.06
2302,train,,552633,240.07
2303,train,,552885,240.07
2304,train,,553125,240.07
2305,train,,553363,240.07
2306,train,,553586,240.06
2307,train,,553832,240.07
2308,train,,554068,240.06
2309,train,,554287,240.06
2310,train,,554582,240.08
2311,train,,554813,240.08
2312,train,,555042,240.07
2313,train,,555275,240.07
2314,train,,555501,240.06
2315,train,,555739,240.06
2316,train,,556012,240.07
2317,train,,556233,240.07
2318,train,,556468,240.06
2319,train,,556737,240.08
2320,train,,556974,240.08
2321,train,,557193,240.07
2322,train,,557429,240.06
2323,train,,557690,240.07
2324,train,,557913,240.07
2325,train,,558148,240.06
2326,train,,558387,240.06
2327,train,,558604,240.05
2328,train,,558839,240.05
2329,train,,559058,240.04
2330,train,,559290,240.04
2331,train,,559565,240.05
2332,train,,559820,240.06
2333,train,,560042,240.05
2334,train,,560276,240.05
2335,train,,560524,240.05
2336,train,,560784,240.06
2337,train,,561011,240.06
2338,train,,561242,240.05
2339,train,,561485,240.05
2340,train,,561708,240.05
2341,train,,561940,240.04
2342,train,,562164,240.04
2343,train,,562406,240.04
2344,train,,562669,240.05
2345,train,,562888,240.04
2346,train,,563142,240.04
2347,train,,563388,240.05
2348,train,,563613,240.04
2349,train,,563866,240.05
2350,train,,564096,240.04
2351,train,,564329,240.04
2352,train,,564568,240.04
2353,train,,564817,240.04
2354,train,,565058,240.04
2355,train,,565301,240.04
2356,train,,565538,240.04
2357,train,,565760,240.03
2358,train,,565982,240.03
2359,train,,566230,240.03
2360,train,,566447,240.02
2361,train,,566663,240.01
2362,train,,566947,240.03
2363,train,,567168,240.02
2364,train,,567397,240.02
2365,train,,567633,240.01
2366,train,,567861,240.01
2367,train,,568076,240.00
2368,train,,568347,240.01
2369,train,,568599,240.02
2370,train,,568823,240.01
2371,train,,569064,240.01
2372,train,,569310,240.01
2373,train,,569557,240.02
2374,train,,569778,240.01
2375,train,,570014,240.01
2376,train,,570287,240.02
2377,train,,570546,240.03
2378,train,,570806,240.04
2379,train,,571047,240.04
2380,train,,571269,240.03
2381,train,,571491,240.02
2382,train,,571731,240.02
2383,train,,571988,240.03
2384,train,,572217,240.02
2385,train,,572505,240.04
2386,train,,572753,240.05
2387,train,,573016,240.06
2388,train,,573235,240.05
2389,train,,573463,240.04
2390,train,,573738,240.06
2391,train,,573984,240.06
2392,train,,574199,240.05
2393,train,,574416,240.04
2394,train,,574645,240.04
2395,train,,574862,240.03
2396,train,,575088,240.02
2397,train,,575326,240.02
2398,train,,575590,240.03
2399,train,,575869,240.05
2400,train,,576105,240.04
2400,val,4.0740,576105,240.04
2401,train,,576338,240.04
2402,train,,576569,240.04
2403,train,,576823,240.04
2404,train,,577074,240.05
2405,train,,577311,240.05
2406,train,,577568,240.05
2407,train,,577814,240.06
2408,train,,578049,240.05
2409,train,,578309,240.06
2410,train,,578559,240.07
2411,train,,578783,240.06
2412,train,,579015,240.06
2413,train,,579254,240.06
2414,train,,579491,240.05
2415,train,,579741,240.06
2416,train,,579989,240.06
2417,train,,580240,240.07
2418,train,,580476,240.06
2419,train,,580723,240.07
2420,train,,580954,240.06
2421,train,,581186,240.06
2422,train,,581442,240.07
2423,train,,581658,240.06
2424,train,,581890,240.05
2425,train,,582162,240.07
2426,train,,582406,240.07
2427,train,,582673,240.08
2428,train,,582906,240.08
2429,train,,583145,240.08
2430,train,,583399,240.08
2431,train,,583620,240.07
2432,train,,583904,240.09
2433,train,,584170,240.10
2434,train,,584403,240.10
2435,train,,584688,240.12
2436,train,,584923,240.12
2437,train,,585151,240.11
2438,train,,585373,240.10
2439,train,,585600,240.10
2440,train,,585831,240.09
2441,train,,586079,240.10
2442,train,,586343,240.11
2443,train,,586593,240.11
2444,train,,586814,240.10
2445,train,,587040,240.10
2446,train,,587304,240.11
2447,train,,587617,240.14
2448,train,,587863,240.14
2449,train,,588126,240.15
2450,train,,588410,240.17
2451,train,,588671,240.18
2452,train,,588915,240.18
2453,train,,589185,240.19
2454,train,,589442,240.20
2455,train,,589679,240.20
2456,train,,589928,240.20
2457,train,,590160,240.20
2458,train,,590409,240.20
2459,train,,590659,240.20
2460,train,,590892,240.20
2461,train,,591119,240.19
2462,train,,591405,240.21
2463,train,,591648,240.21
2464,train,,591883,240.21
2465,train,,592106,240.21
2466,train,,592366,240.21
2467,train,,592594,240.21
2468,train,,592860,240.22
2469,train,,593138,240.23
2470,train,,593419,240.25
2471,train,,593644,240.24
2472,train,,593934,240.26
2473,train,,594185,240.27
2474,train,,594415,240.26
2475,train,,594643,240.26
2476,train,,594858,240.25
2477,train,,595171,240.28
2478,train,,595396,240.27
2479,train,,595646,240.28
2480,train,,595862,240.27
2481,train,,596104,240.27
2482,train,,596343,240.27
2483,train,,596560,240.26
2484,train,,596782,240.25
2485,train,,597056,240.26
2486,train,,597275,240.26
2487,train,,597578,240.28
2488,train,,597821,240.28
2489,train,,598079,240.29
2490,train,,598332,240.29
2491,train,,598579,240.30
2492,train,,598826,240.30
2493,train,,599056,240.30
2494,train,,599274,240.29
2495,train,,599497,240.28
2496,train,,599714,240.27
2497,train,,599972,240.28
2498,train,,600195,240.27
2499,train,,600454,240.28
2500,train,,600695,240.28
2500,val,4.0471,600695,240.28
2501,train,,600946,240.28
2502,train,,601165,240.27
2503,train,,601380,240.26
2504,train,,601626,240.27
2505,train,,601888,240.27
2506,train,,602108,240.27
2507,train,,602327,240.26
2508,train,,602584,240.26
2509,train,,602809,240.26
2510,train,,603058,240.26
2511,train,,603351,240.28
2512,train,,603571,240.28
2513,train,,603799,240.27
2514,train,,604026,240.26
2515,train,,604264,240.26
2516,train,,604535,240.28
2517,train,,604827,240.30
2518,train,,605159,240.33
2519,train,,605470,240.36
2520,train,,605699,240.36
2521,train,,605929,240.35
2522,train,,606164,240.35
2523,train,,606398,240.35
2524,train,,606640,240.35
2525,train,,606877,240.35
2526,train,,607154,240.36
2527,train,,607371,240.35
2528,train,,607629,240.36
2529,train,,607889,240.37
2530,train,,608148,240.37
2531,train,,608397,240.38
2532,train,,608639,240.38
2533,train,,608858,240.37
2534,train,,609075,240.36
2535,train,,609294,240.35
2536,train,,609535,240.35
2537,train,,609760,240.35
2538,train,,610014,240.35
2539,train,,610244,240.35
2540,train,,610481,240.35
2541,train,,610731,240.35
2542,train,,610956,240.34
2543,train,,611229,240.36
2544,train,,611450,240.35
2545,train,,611710,240.36
2546,train,,611950,240.36
2547,train,,612173,240.35
2548,train,,612391,240.34
2549,train,,612699,240.37
2550,train,,612946,240.37
2551,train,,613171,240.36
2552,train,,613447,240.38
2553,train,,613690,240.38
2554,train,,613910,240.37
2555,train,,614141,240.37
2556,train,,614371,240.36
2557,train,,614585,240.35
2558,train,,614802,240.34
2559,train,,615027,240.34
2560,train,,615246,240.33
2561,train,,615479,240.33
2562,train,,615812,240.36
2563,train,,616144,240.40
2564,train,,616476,240.44
2565,train,,616723,240.44
2566,train,,616967,240.44
2567,train,,617181,240.43
2568,train,,617431,240.43
2569,train,,617661,240.43
2570,train,,617878,240.42
2571,train,,618096,240.41
2572,train,,618321,240.40
2573,train,,618548,240.40
2574,train,,618768,240.39
2575,train,,619022,240.40
2576,train,,619242,240.39
2577,train,,619511,240.40
2578,train,,619752,240.40
2579,train,,619981,240.40
2580,train,,620205,240.39
2581,train,,620452,240.39
2582,train,,620699,240.39
2583,train,,620939,240.39
2584,train,,621164,240.39
2585,train,,621390,240.38
2586,train,,621621,240.38
2587,train,,621856,240.38
2588,train,,622088,240.37
2589,train,,622324,240.37
2590,train,,622580,240.38
2591,train,,622804,240.37
2592,train,,623020,240.36
2593,train,,623309,240.38
2594,train,,623535,240.38
2595,train,,623773,240.37
2596,train,,623987,240.36
2597,train,,624250,240.37
2598,train,,624479,240.37
2599,train,,624707,240.36
2600,train,,624939,240.36
2600,val,4.0207,624939,240.36
2601,train,,625163,240.35
2602,train,,625407,240.36
2603,train,,625638,240.35
2604,train,,625861,240.35
2605,train,,626103,240.35
2606,train,,626344,240.35
2607,train,,626561,240.34
2608,train,,626785,240.33
2609,train,,627016,240.33
2610,train,,627256,240.33
2611,train,,627498,240.33
2612,train,,627823,240.36
2613,train,,628091,240.37
2614,train,,628322,240.37
2615,train,,628549,240.36
2616,train,,628796,240.37
2617,train,,629083,240.38
2618,train,,629303,240.38
2619,train,,629538,240.37
2620,train,,629791,240.38
2621,train,,630030,240.38
2622,train,,630263,240.37
2623,train,,630482,240.37
2624,train,,630720,240.37
2625,train,,630953,240.36
2626,train,,631236,240.38
2627,train,,631504,240.39
2628,train,,631745,240.39
2629,train,,631965,240.38
2630,train,,632223,240.39
2631,train,,632456,240.39
2632,train,,632738,240.40
2633,train,,632967,240.40
2634,train,,633181,240.39
2635,train,,633399,240.38
2636,train,,633626,240.37
2637,train,,633863,240.37
2638,train,,634096,240.37
2639,train,,634317,240.36
2640,train,,634538,240.36
2641,train,,634765,240.35
2642,train,,634988,240.34
2643,train,,635216,240.34
2644,train,,635441,240.33
2645,train,,635721,240.35
2646,train,,635944,240.34
2647,train,,636164,240.33
2648,train,,636384,240.33
2649,train,,636640,240.33
2650,train,,636896,240.34
2651,train,,637159,240.35
2652,train,,637409,240.35
2653,train,,637634,240.34
2654,train,,637851,240.34
2655,train,,638076,240.33
2656,train,,638313,240.33
2657,train,,638547,240.33
2658,train,,638792,240.33
2659,train,,639042,240.33
2660,train,,639263,240.32
2661,train,,639506,240.33
2662,train,,639723,240.32
2663,train,,639957,240.31
2664,train,,640178,240.31
2665,train,,640418,240.31
2666,train,,640694,240.32
2667,train,,640931,240.32
2668,train,,641166,240.32
2669,train,,641392,240.31
2670,train,,641614,240.30
2671,train,,641847,240.30
2672,train,,642081,240.30
2673,train,,642344,240.31
2674,train,,642609,240.32
2675,train,,642854,240.32
2676,train,,643102,240.32
2677,train,,643328,240.32
2678,train,,643559,240.31
2679,train,,643783,240.31
2680,train,,644034,240.31
2681,train,,644289,240.32
2682,train,,644546,240.32
2683,train,,644781,240.32
2684,train,,645009,240.32
2685,train,,645248,240.32
2686,train,,645486,240.32
2687,train,,645710,240.31
2688,train,,645939,240.30
2689,train,,646188,240.31
2690,train,,646420,240.30
2691,train,,646645,240.30
2692,train,,646894,240.30
2693,train,,647145,240.31
2694,train,,647365,240.30
2695,train,,647600,240.30
2696,train,,647846,240.30
2697,train,,648079,240.30
2698,train,,648300,240.29
2699,train,,648523,240.28
2700,train,,648765,240.28
2700,val,3.9961,648766,240.28
2701,train,,649005,240.28
2702,train,,649247,240.28
2703,train,,649492,240.29
2704,train,,649750,240.29
2705,train,,649995,240.29
2706,train,,650234,240.29
2707,train,,650469,240.29
2708,train,,650694,240.29
2709,train,,650925,240.28
2710,train,,651151,240.28
2711,train,,651395,240.28
2712,train,,651616,240.27
2713,train,,651869,240.28
2714,train,,652118,240.28
2715,train,,652362,240.28
2716,train,,652604,240.28
2717,train,,652831,240.28
2718,train,,653062,240.27
2719,train,,653327,240.28
2720,train,,653561,240.28
2721,train,,653816,240.29
2722,train,,654074,240.29
2723,train,,654319,240.29
2724,train,,654536,240.28
2725,train,,654783,240.29
2726,train,,655032,240.29
2727,train,,655275,240.29
2728,train,,655501,240.29
2729,train,,655716,240.28
2730,train,,655961,240.28
2731,train,,656264,240.30
2732,train,,656506,240.30
2733,train,,656782,240.32
2734,train,,657002,240.31
2735,train,,657249,240.31
2736,train,,657472,240.30
2737,train,,657715,240.31
2738,train,,657939,240.30
2739,train,,658225,240.32
2740,train,,658459,240.31
2741,train,,658682,240.31
2742,train,,658918,240.31
2743,train,,659160,240.31
2744,train,,659384,240.30
2745,train,,659616,240.30
2746,train,,659840,240.29
2747,train,,660063,240.29
2748,train,,660316,240.29
2749,train,,660533,240.28
2750,train,,660784,240.29
2751,train,,661042,240.29
2752,train,,661265,240.29
2753,train,,661493,240.28
2754,train,,661757,240.29
2755,train,,661998,240.29
2756,train,,662233,240.29
2757,train,,662486,240.29
2758,train,,662720,240.29
2759,train,,662955,240.29
2760,train,,663194,240.29
2761,train,,663453,240.29
2762,train,,663679,240.29
2763,train,,663943,240.30
2764,train,,664164,240.29
2765,train,,664385,240.28
2766,train,,664638,240.29
2767,train,,664886,240.29
2768,train,,665180,240.31
2769,train,,665422,240.31
2770,train,,665648,240.31
2771,train,,665886,240.31
2772,train,,666170,240.32
2773,train,,666413,240.32
2774,train,,666639,240.32
2775,train,,666887,240.32
2776,train,,667132,240.32
2777,train,,667384,240.33
2778,train,,667610,240.32
2779,train,,667897,240.34
2780,train,,668142,240.34
2781,train,,668376,240.34
2782,train,,668598,240.33
2783,train,,668825,240.33
2784,train,,669048,240.32
2785,train,,669307,240.33
2786,train,,669546,240.33
2787,train,,669768,240.32
2788,train,,669996,240.31
2789,train,,670224,240.31
2790,train,,670470,240.31
2791,train,,670723,240.32
2792,train,,670968,240.32
2793,train,,671193,240.31
2794,train,,671460,240.32
2795,train,,671708,240.32
2796,train,,671941,240.32
2797,train,,672168,240.32
2798,train,,672400,240.31
2799,train,,672657,240.32
2800,train,,672890,240.32
2800,val,3.9763,672890,240.32
2801,train,,673155,240.33
2802,train,,673462,240.35
2803,train,,673684,240.34
2804,train,,673910,240.34
2805,train,,674144,240.34
2806,train,,674368,240.33
2807,train,,674607,240.33
2808,train,,674855,240.33
2809,train,,675082,240.33
2810,train,,675334,240.33
2811,train,,675559,240.33
2812,train,,675786,240.32
2813,train,,676004,240.31
2814,train,,676231,240.31
2815,train,,676454,240.30
2816,train,,676672,240.30
2817,train,,676902,240.29
2818,train,,677144,240.29
2819,train,,677448,240.31
2820,train,,677753,240.34
2821,train,,677987,240.34
2822,train,,678237,240.34
2823,train,,678477,240.34
2824,train,,678705,240.33
2825,train,,678926,240.33
2826,train,,679172,240.33
2827,train,,679447,240.34
2828,train,,679687,240.34
2829,train,,679943,240.35
2830,train,,680179,240.35
2831,train,,680406,240.34
2832,train,,680628,240.33
2833,train,,680857,240.33
2834,train,,681084,240.33
2835,train,,681303,240.32
2836,train,,681542,240.32
2837,train,,681768,240.31
2838,train,,681988,240.31
2839,train,,682211,240.30
2840,train,,682459,240.30
2841,train,,682689,240.30
2842,train,,682902,240.29
2843,train,,683145,240.29
2844,train,,683399,240.30
2845,train,,683623,240.29
2846,train,,683870,240.29
2847,train,,684087,240.28
2848,train,,684302,240.27
2849,train,,684532,240.27
2850,train,,684765,240.27
2851,train,,684996,240.27
2852,train,,685249,240.27
2853,train,,685487,240.27
2854,train,,685723,240.27
2855,train,,685954,240.26
2856,train,,686187,240.26
2857,train,,686417,240.26
2858,train,,686642,240.25
2859,train,,686884,240.25
2860,train,,687136,240.26
2861,train,,687361,240.25
2862,train,,687612,240.26
2863,train,,687844,240.25
2864,train,,688081,240.25
2865,train,,688342,240.26
2866,train,,688573,240.26
2867,train,,688884,240.28
2868,train,,689108,240.27
2869,train,,689364,240.28
2870,train,,689594,240.28
2871,train,,689840,240.28
2872,train,,690064,240.27
2873,train,,690285,240.27
2874,train,,690515,240.26
2875,train,,690752,240.26
2876,train,,691005,240.27
2877,train,,691260,240.27
2878,train,,691495,240.27
2879,train,,691725,240.27
2880,train,,692023,240.29
2881,train,,692276,240.29
2882,train,,692523,240.29
2883,train,,692786,240.30
2884,train,,693056,240.31
2885,train,,693290,240.31
2886,train,,693532,240.31
2887,train,,693761,240.31
2888,train,,693996,240.30
2889,train,,694287,240.32
2890,train,,694516,240.32
2891,train,,694756,240.32
2892,train,,695017,240.32
2893,train,,695265,240.33
2894,train,,695557,240.34
2895,train,,695775,240.34
2896,train,,696054,240.35
2897,train,,696287,240.35
2898,train,,696523,240.35
2899,train,,696756,240.34
2900,train,,697000,240.34
2900,val,3.9517,697001,240.35
2901,train,,697223,240.34
2902,train,,697448,240.33
2903,train,,697706,240.34
2904,train,,697953,240.34
2905,train,,698204,240.35
2906,train,,698426,240.34
2907,train,,698659,240.34
2908,train,,698910,240.34
2909,train,,699170,240.35
2910,train,,699426,240.35
2911,train,,699674,240.36
2912,train,,699913,240.35
2913,train,,700173,240.36
2914,train,,700416,240.36
2915,train,,700649,240.36
2916,train,,700925,240.37
2917,train,,701163,240.37
2918,train,,701395,240.37
2919,train,,701626,240.37
2920,train,,701888,240.37
2921,train,,702204,240.40
2922,train,,702448,240.40
2923,train,,702673,240.39
2924,train,,702895,240.39
2925,train,,703116,240.38
2926,train,,703346,240.38
2927,train,,703566,240.37
2928,train,,703821,240.38
2929,train,,704101,240.39
2930,train,,704334,240.39
2931,train,,704561,240.38
2932,train,,704811,240.39
2933,train,,705048,240.38
2934,train,,705298,240.39
2935,train,,705524,240.38
2936,train,,705751,240.38
2937,train,,705992,240.38
2938,train,,706284,240.40
2939,train,,706539,240.40
2940,train,,706802,240.41
2941,train,,707033,240.41
2942,train,,707266,240.40
2943,train,,707492,240.40
2944,train,,707748,240.40
2945,train,,707999,240.41
2946,train,,708246,240.41
2947,train,,708470,240.40
2948,train,,708692,240.40
2949,train,,708952,240.40
2950,train,,709177,240.40
2951,train,,709419,240.40
2952,train,,709741,240.43
2953,train,,710056,240.45
2954,train,,710293,240.45
2955,train,,710514,240.44
2956,train,,710745,240.44
2957,train,,711000,240.45
2958,train,,711229,240.44
2959,train,,711453,240.44
2960,train,,711682,240.43
2961,train,,711988,240.46
2962,train,,712254,240.46
2963,train,,712484,240.46
2964,train,,712710,240.46
2965,train,,712947,240.45
2966,train,,713213,240.46
2967,train,,713448,240.46
2968,train,,713695,240.46
2969,train,,713924,240.46
2970,train,,714177,240.46
2971,train,,714485,240.49
2972,train,,714700,240.48
2973,train,,714923,240.47
2974,train,,715151,240.47
2975,train,,715396,240.47
2976,train,,715648,240.47
2977,train,,715896,240.48
2978,train,,716146,240.48
2979,train,,716407,240.49
2980,train,,716658,240.49
2981,train,,716882,240.48
2982,train,,717116,240.48
2983,train,,717358,240.48
2984,train,,717595,240.48
2985,train,,717816,240.47
2986,train,,718055,240.47
2987,train,,718302,240.48
2988,train,,718559,240.48
2989,train,,718793,240.48
2990,train,,719046,240.48
2991,train,,719274,240.48
2992,train,,719497,240.47
2993,train,,719776,240.49
2994,train,,720010,240.48
2995,train,,720247,240.48
2996,train,,720479,240.48
2997,train,,720704,240.48
2998,train,,720927,240.47
2999,train,,721195,240.48
3000,train,,721449,240.48
3000,val,3.9303,721449,240.48
